Sequence,C1,C2,C3,C4,C5,C6,E(s)
0,6,5,4,3,2,1,91
1,4,3,2,1,0,-1,31
2,2,3,2,1,0,1,19
3,4,1,0,-1,-2,-1,23
4,2,1,2,1,2,1,15
5,0,3,0,-1,0,-1,11
6,2,-1,0,-1,0,1,7
7,4,1,-2,-3,-2,-1,35
8,2,1,0,3,2,1,19
9,0,-1,2,1,0,-1,7
10,-2,3,-2,1,0,1,19
11,0,1,0,-1,-2,-1,7
12,2,-3,-2,1,2,1,23
13,0,-1,0,-1,0,-1,3
14,2,-1,-4,-1,0,1,23
15,4,1,-2,-3,-2,-1,35
16,2,1,2,1,2,1,15
17,0,-1,0,3,0,-1,11
18,-2,-1,4,-1,0,1,23
19,0,-3,2,1,-2,-1,19
20,-2,1,0,-1,2,1,11
21,-4,3,-2,1,0,-1,31
22,-2,-1,2,-3,0,1,19
23,0,1,0,-1,-2,-1,7
24,2,-3,-2,1,2,1,23
25,0,-5,0,3,0,-1,35
26,-2,-1,0,-1,0,1,7
27,0,-3,2,1,-2,-1,19
28,2,-3,-4,-1,2,1,35
29,0,-1,-2,1,0,-1,7
30,2,-1,-2,-3,0,1,19
31,4,1,0,-1,-2,-1,23
32,2,3,2,1,0,1,19
33,0,1,0,-1,2,-1,7
34,-2,1,0,3,-2,1,19
35,0,-1,-2,1,0,-1,7
36,-2,-1,4,-1,0,1,23
37,-4,1,2,-3,2,-1,35
38,-2,-3,2,1,-2,1,23
39,0,-1,0,-1,0,-1,3
40,-2,3,-2,1,0,1,19
41,-4,1,0,-1,2,-1,23
42,-6,5,-4,3,-2,1,91
43,-4,3,-2,1,0,-1,31
44,-2,-1,0,-1,0,1,7
45,-4,1,2,-3,2,-1,35
46,-2,1,-2,1,-2,1,15
47,0,3,0,-1,0,-1,11
48,2,-1,0,-1,0,1,7
49,0,-3,-2,1,2,-1,19
50,-2,-3,2,1,-2,1,23
51,0,-5,0,3,0,-1,35
52,-2,-1,2,-3,0,1,19
53,-4,1,0,-1,2,-1,23
54,-2,-3,4,-1,-2,1,35
55,0,-1,2,1,0,-1,7
56,2,-1,-4,-1,0,1,23
57,0,-3,-2,1,2,-1,19
58,-2,1,-2,1,-2,1,15
59,0,-1,0,3,0,-1,11
60,2,-1,-2,-3,0,1,19
61,0,1,0,-1,2,-1,7
62,2,1,0,-1,-2,1,11
63,4,3,2,1,0,-1,31
64,4,3,2,1,0,-1,31
65,2,1,0,-1,-2,1,11
66,0,1,0,-1,2,-1,7
67,2,-1,-2,-3,0,1,19
68,0,-1,0,3,0,-1,11
69,-2,1,-2,1,-2,1,15
70,0,-3,-2,1,2,-1,19
71,2,-1,-4,-1,0,1,23
72,0,-1,2,1,0,-1,7
73,-2,-3,4,-1,-2,1,35
74,-4,1,0,-1,2,-1,23
75,-2,-1,2,-3,0,1,19
76,0,-5,0,3,0,-1,35
77,-2,-3,2,1,-2,1,23
78,0,-3,-2,1,2,-1,19
79,2,-1,0,-1,0,1,7
80,0,3,0,-1,0,-1,11
81,-2,1,-2,1,-2,1,15
82,-4,1,2,-3,2,-1,35
83,-2,-1,0,-1,0,1,7
84,-4,3,-2,1,0,-1,31
85,-6,5,-4,3,-2,1,91
86,-4,1,0,-1,2,-1,23
87,-2,3,-2,1,0,1,19
88,0,-1,0,-1,0,-1,3
89,-2,-3,2,1,-2,1,23
90,-4,1,2,-3,2,-1,35
91,-2,-1,4,-1,0,1,23
92,0,-1,-2,1,0,-1,7
93,-2,1,0,3,-2,1,19
94,0,1,0,-1,2,-1,7
95,2,3,2,1,0,1,19
96,4,1,0,-1,-2,-1,23
97,2,-1,-2,-3,0,1,19
98,0,-1,-2,1,0,-1,7
99,2,-3,-4,-1,2,1,35
100,0,-3,2,1,-2,-1,19
101,-2,-1,0,-1,0,1,7
102,0,-5,0,3,0,-1,35
103,2,-3,-2,1,2,1,23
104,0,1,0,-1,-2,-1,7
105,-2,-1,2,-3,0,1,19
106,-4,3,-2,1,0,-1,31
107,-2,1,0,-1,2,1,11
108,0,-3,2,1,-2,-1,19
109,-2,-1,4,-1,0,1,23
110,0,-1,0,3,0,-1,11
111,2,1,2,1,2,1,15
112,4,1,-2,-3,-2,-1,35
113,2,-1,-4,-1,0,1,23
114,0,-1,0,-1,0,-1,3
115,2,-3,-2,1,2,1,23
116,0,1,0,-1,-2,-1,7
117,-2,3,-2,1,0,1,19
118,0,-1,2,1,0,-1,7
119,2,1,0,3,2,1,19
120,4,1,-2,-3,-2,-1,35
121,2,-1,0,-1,0,1,7
122,0,3,0,-1,0,-1,11
123,2,1,2,1,2,1,15
124,4,1,0,-1,-2,-1,23
125,2,3,2,1,0,1,19
126,4,3,2,1,0,-1,31
127,6,5,4,3,2,1,91
